index,img_name,initial_psnr,final_psnr,psnr_gain
1,baby.png,30.416117078428552,31.756123751587825,1.340006673159273
2,bird.png,28.068145727251657,30.38033963156788,2.3121939043162243
3,butterfly.png,20.900519710434775,25.38090340790877,4.480383697473997
4,head.png,28.963417135651337,29.689358758860237,0.7259416232089002
5,woman.png,25.10298231051734,28.48271262017913,3.379730309661788
