index,img_name,initial_psnr,final_psnr,psnr_gain
1,baby.png,30.416117078428552,31.51964901342729,1.1035319349987383
2,bird.png,28.068145727251657,30.790702172596866,2.7225564453452087
3,butterfly.png,20.900519710434775,25.059022975991564,4.158503265556789
4,head.png,28.963417135651337,29.527301520013978,0.5638843843626411
5,woman.png,25.10298231051734,28.18902191977799,3.0860396092606486
