index,img_name,initial_psnr,final_psnr,psnr_gain
1,baby.png,30.416117078428552,31.950161764804186,1.5340446863756334
2,bird.png,28.068145727251657,31.400437452523853,3.3322917252721957
3,butterfly.png,20.900519710434775,25.736737965619714,4.836218255184939
4,head.png,28.963417135651337,29.751880722982758,0.788463587331421
5,woman.png,25.10298231051734,28.452723745702095,3.349741435184754
