index,img_name,initial_psnr,final_psnr,psnr_gain
1,BaseArchitechture.png,22.059051936327766,6.589116157365054,-15.46993577896271
2,Coffee-Mug.jpg,28.72422220623095,12.446692371771029,-16.277529834459923
