index,img_name,initial_psnr,final_psnr,psnr_gain
1,baby.png,30.416117078428552,31.252074317595724,0.8359572391671719
2,bird.png,28.068145727251657,29.84160720026442,1.7734614730127625
3,butterfly.png,20.900519710434775,24.97979380969932,4.079274099264545
4,head.png,28.963417135651337,29.524517860174335,0.5611007245229978
5,woman.png,25.10298231051734,27.75643831636699,2.653456005849648
